id	species	mumax	pHoptimal	pHalpha	count	color	state
xa	bh	0.1927934811	6.8180188470	46.2739563004	0.0067733333	#FF10F0	active
xb	bh	0.9781040980	6.5395960604	62.5189011214	0	#FF10F0	active
xc	bh	0	7	0	0	#FF10F0	inactive
xd	bh	0	7	0	0	#FF10F0	dead