id	feedingTerm	metabolite	yield	monodK
11	xe_pyruvate	pyruvate	2.9010309178	9.9999999149
12	xe_pyruvate	acetate	-0.2602947550	0
13	xe_pyruvate	lactate	-1.7181885318	0
14	xe_pyruvate	formate	-0.6158861983	0
15	xe_glucose	glucose	1.0269754623	0.3530205777
16	xe_glucose	acetate	-0.9965936487	0
17	xe_glucose	succinate	-0.6252715462	0
18	xf_mannose	mannose	0.4040233680	0.1059821090
19	xf_mannose	acetate	-0.853241631	0
20	xf_mannose	succinate	-2.0255236699	0