id	species	mumax	pHoptimal	pHalpha	count	color	state
xi	ri	0.70596681409	7.7682760382	39.5255968898	0.004	#00B8FF	active
xj	ri	0.01534519446	7.6243042258	19.9999998098	0	#00B8FF	active
xk	ri	0	7	100	0	#00B8FF	inactive
xl	ri	0	7	100	0	#00B8FF	dead
